{
    "./data/close-hat/hihat - close - 2.wav": {
        "cent2": 5516.4580032534495, 
        "mfcc1": -4.551318520558934, 
        "mfcc2": 5980.843000727725, 
        "zcrs1": 0.25439453125
    }, 
    "./data/close-hat/hihat - close - 3.wav": {
        "cent2": 5490.601257198063, 
        "mfcc1": -4.860921760916562, 
        "mfcc2": 7373.5725764802155, 
        "zcrs1": 0.3681640625
    }, 
    "./data/close-hat/hihat - close - 4.wav": {
        "cent2": 5352.68047389478, 
        "mfcc1": -4.303329942531536, 
        "mfcc2": 7206.35932994804, 
        "zcrs1": 0.337890625
    }, 
    "./data/close-hat/hihat - close - 5.wav": {
        "cent2": 5336.766295981619, 
        "mfcc1": -4.9314789622502575, 
        "mfcc2": 6437.482041960801, 
        "zcrs1": 0.2919921875
    }, 
    "./data/close-hat/hihat - close - 6.wav": {
        "cent2": 5289.036366374137, 
        "mfcc1": -5.023519618884918, 
        "mfcc2": 7788.535710566249, 
        "zcrs1": 0.30517578125
    }, 
    "./data/close-hat/hihat - close - 7.wav": {
        "cent2": 5244.629253486402, 
        "mfcc1": -4.757182956185209, 
        "mfcc2": 6502.673658107598, 
        "zcrs1": 0.193359375
    }, 
    "./data/close-hat/hihat - closed - 2.wav": {
        "cent2": 5623.7659549621, 
        "mfcc1": -6.354005576368777, 
        "mfcc2": 4061.5061529060595, 
        "zcrs1": 0.29296875
    }, 
    "./data/close-hat/hihat - closed - 3.wav": {
        "cent2": 5338.70141195639, 
        "mfcc1": -6.248013192080084, 
        "mfcc2": 4597.637386938404, 
        "zcrs1": 0.35546875
    }, 
    "./data/close-hat/hihat - closed - 4.wav": {
        "cent2": 5534.624111796196, 
        "mfcc1": -5.847587501099302, 
        "mfcc2": 5903.668679314973, 
        "zcrs1": 0.40234375
    }, 
    "./data/close-hat/hihat - closed - 5.wav": {
        "cent2": 5667.873721573634, 
        "mfcc1": -6.040578734207909, 
        "mfcc2": 6134.19710532071, 
        "zcrs1": 0.46044921875
    }, 
    "./data/close-hat/hihat - closed - 6.wav": {
        "cent2": 5764.765050822283, 
        "mfcc1": -5.6342842942525735, 
        "mfcc2": 7358.074341074606, 
        "zcrs1": 0.46875
    }, 
    "./data/close-hat/hihat - closed - 7.wav": {
        "cent2": 5665.266826804815, 
        "mfcc1": -5.358365939328015, 
        "mfcc2": 7512.190235425269, 
        "zcrs1": 0.42724609375
    }, 
    "./data/close-hat/hihat - closed - 8.wav": {
        "cent2": 5721.607529192007, 
        "mfcc1": -5.38002893441598, 
        "mfcc2": 5837.6435539490285, 
        "zcrs1": 0.48828125
    }, 
    "./data/kick/Kick 1 Room.wav": {
        "cent2": 5064.356079092703, 
        "mfcc1": -5.148082151314933, 
        "mfcc2": 3393.730246388873, 
        "zcrs1": 0.03857421875
    }, 
    "./data/kick/Kick 10 Room.wav": {
        "cent2": 5094.355059906854, 
        "mfcc1": -5.051466689220461, 
        "mfcc2": 3354.071223191876, 
        "zcrs1": 0.03466796875
    }, 
    "./data/kick/Kick 2 Room.wav": {
        "cent2": 4989.700174445971, 
        "mfcc1": -5.03364532319669, 
        "mfcc2": 3212.7444661259137, 
        "zcrs1": 0.02490234375
    }, 
    "./data/kick/Kick 3 Room.wav": {
        "cent2": 5081.9751901233085, 
        "mfcc1": -5.063943929790131, 
        "mfcc2": 3307.5398385065255, 
        "zcrs1": 0.03955078125
    }, 
    "./data/kick/Kick 4 Room.wav": {
        "cent2": 5166.982147047472, 
        "mfcc1": -5.023354858282855, 
        "mfcc2": 3273.380666766002, 
        "zcrs1": 0.03076171875
    }, 
    "./data/kick/Kick 5 Room.wav": {
        "cent2": 5156.818000693625, 
        "mfcc1": -5.052625048576918, 
        "mfcc2": 3248.942796231035, 
        "zcrs1": 0.04052734375
    }, 
    "./data/kick/Kick 6 Room.wav": {
        "cent2": 4961.323965812215, 
        "mfcc1": -5.045178763431125, 
        "mfcc2": 3169.184619292562, 
        "zcrs1": 0.03857421875
    }, 
    "./data/kick/Kick 7 Room.wav": {
        "cent2": 5102.267444241226, 
        "mfcc1": -5.1088027074554585, 
        "mfcc2": 3146.49967453801, 
        "zcrs1": 0.04833984375
    }, 
    "./data/kick/Kick 8 Room.wav": {
        "cent2": 5014.456629452809, 
        "mfcc1": -5.080367695503834, 
        "mfcc2": 3260.864607900135, 
        "zcrs1": 0.03857421875
    }, 
    "./data/kick/Kick 9 Room.wav": {
        "cent2": 5004.473213613437, 
        "mfcc1": -5.040430568140873, 
        "mfcc2": 3196.933099416332, 
        "zcrs1": 0.03564453125
    }, 
    "./data/snare/Snare Garage 1 V3.wav": {
        "cent2": 5860.18484259945, 
        "mfcc1": -4.481412849840276, 
        "mfcc2": 2579.0811093742273, 
        "zcrs1": 0.4013671875
    }, 
    "./data/snare/Snare Garage 1 V4.wav": {
        "cent2": 5781.113175201277, 
        "mfcc1": -4.619230114109206, 
        "mfcc2": 2336.916023343403, 
        "zcrs1": 0.39501953125
    }, 
    "./data/snare/Snare Garage 1 V5.wav": {
        "cent2": 5327.188474873559, 
        "mfcc1": -4.4995096180425795, 
        "mfcc2": 2306.569520597132, 
        "zcrs1": 0.3671875
    }, 
    "./data/snare/Snare Garage 1 V6.wav": {
        "cent2": 5331.7269005405005, 
        "mfcc1": -4.587436327429426, 
        "mfcc2": 2040.448496341444, 
        "zcrs1": 0.35107421875
    }, 
    "./data/snare/Snare Garage 1 V7.wav": {
        "cent2": 5321.862801619993, 
        "mfcc1": -4.592516458995644, 
        "mfcc2": 2041.5383359832367, 
        "zcrs1": 0.36279296875
    }, 
    "./data/snare/Snare Garage 2 V12.wav": {
        "cent2": 5227.914408525435, 
        "mfcc1": -5.029211248683043, 
        "mfcc2": 2901.8321501172013, 
        "zcrs1": 0.2919921875
    }, 
    "./data/snare/Snare Garage 2 V13.wav": {
        "cent2": 5189.975155287387, 
        "mfcc1": -4.626375835435172, 
        "mfcc2": 2606.4190951245164, 
        "zcrs1": 0.25927734375
    }, 
    "./data/snare/Snare Garage 2 V4.wav": {
        "cent2": 5864.196895406911, 
        "mfcc1": -4.836780374523868, 
        "mfcc2": 4369.977027125522, 
        "zcrs1": 0.380859375
    }, 
    "./data/snare/Snare Garage 2 V5.wav": {
        "cent2": 5678.174930497462, 
        "mfcc1": -4.654641554133307, 
        "mfcc2": 3553.123236360417, 
        "zcrs1": 0.38330078125
    }, 
    "./data/snare/Snare Garage 2 V8.wav": {
        "cent2": 5487.172312412011, 
        "mfcc1": -4.836996484019633, 
        "mfcc2": 3492.3414521722207, 
        "zcrs1": 0.36572265625
    }, 
    "./data/snare/Snare Garage 2 V9.wav": {
        "cent2": 5642.084310398975, 
        "mfcc1": -4.818075519860164, 
        "mfcc2": 3336.0151641018992, 
        "zcrs1": 0.33642578125
    }, 
    "./data/tom/Floor-Tom-2.wav": {
        "cent2": 2151.831411477686, 
        "mfcc1": -0.23403294229353622, 
        "mfcc2": 7433.579583251177, 
        "zcrs1": 0.0322265625
    }, 
    "./data/tom/Floor-Tom-3.wav": {
        "cent2": 2370.5585954217368, 
        "mfcc1": -3.1152967532043303, 
        "mfcc2": 8065.402578811654, 
        "zcrs1": 0.02392578125
    }, 
    "./data/tom/Hi-Tom-2.wav": {
        "cent2": 2490.1321606766824, 
        "mfcc1": -3.4529034371384153, 
        "mfcc2": 7371.169938152775, 
        "zcrs1": 0.02685546875
    }, 
    "./data/tom/Hi-Tom-3.wav": {
        "cent2": 3801.8154882684476, 
        "mfcc1": -4.086446601231049, 
        "mfcc2": 5663.879194596619, 
        "zcrs1": 0.03564453125
    }, 
    "./data/tom/Hi-Tom-4.wav": {
        "cent2": 3576.86491428312, 
        "mfcc1": -2.7320589325836706, 
        "mfcc2": 5624.989033933451, 
        "zcrs1": 0.06689453125
    }, 
    "./data/tom/Korg-N1R-High-Tom-2.wav": {
        "cent2": 2544.871084198307, 
        "mfcc1": -2.330267595077725, 
        "mfcc2": 5558.1293405673005, 
        "zcrs1": 0.03466796875
    }, 
    "./data/tom/Korg-N1R-High-Tom.wav": {
        "cent2": 2511.5392874996087, 
        "mfcc1": -2.640193039564882, 
        "mfcc2": 5918.610831780886, 
        "zcrs1": 0.046875
    }, 
    "./data/tom/Korg-N1R-Low-Tom-2.wav": {
        "cent2": 2889.4074561680122,